Aircraft.Category,IMC,UNK,UNKNOWN,VMC
Airplane,5.101929971,1.397689829,11.0547851,82.4455951
Helicopter,3.284883721,1.424418605,16.36627907,78.9244186
